{
	"format_version": "1.8.0",
	"animations": {
		"animation.terapagos_terastal.idle": {
			"loop": true,
			"animation_length": 4.4167,
			"bones": {
				"body": {
					"position": {
						"0.0": [0, 0, 0],
						"1.5": [0, 0.5, 0],
						"2.0": [0, 1, 0],
						"2.375": [0, 0.58, 0],
						"3.5833": [0, -1, 0],
						"4.4167": [0, 0, 0]
					}
				},
				"tail_1_center": {
					"rotation": {
						"0.0": [20, 0, 0],
						"1.0833": [10, 0, 0],
						"2.5": [20, 0, 0],
						"3.6667": [17.5, 0, 0],
						"4.4167": [20, 0, 0]
					}
				},
				"tail_2_center": {
					"rotation": {
						"0.0": [0, 0, 0],
						"2.5": [20, 0, 0],
						"3.6667": [-2.5, 0, 0],
						"4.4167": [0, 0, 0]
					}
				},
				"tail_3_center": {
					"rotation": {
						"0.0": [2.5, 0, 0],
						"1.0833": [-5, 0, 0],
						"2.5": [0, 0, 0],
						"3.6667": [0, 0, 0],
						"4.4167": [2.5, 0, 0]
					}
				},
				"tail_4_center": {
					"rotation": {
						"0.0": [-10, 0, 0],
						"1.0833": [-10, 0, 0],
						"2.5": [-20, 0, 0],
						"3.6667": [-12.5, 0, 0],
						"4.4167": [-10, 0, 0]
					}
				},
				"tail_5_center": {
					"rotation": {
						"0.0": [-12.5, 0, 0],
						"1.0833": [-10, 0, 0],
						"2.5": [-25, 0, 0],
						"3.6667": [-17.5, 0, 0],
						"4.4167": [-12.5, 0, 0]
					}
				},
				"tail_6_center": {
					"rotation": {
						"0.0": [-10, 0, 0],
						"1.0833": [25, 0, 0],
						"2.5": [7.5, 0, 0],
						"3.6667": [-7.5, 0, 0],
						"4.4167": [-10, 0, 0]
					}
				},
				"tail_7_center": {
					"rotation": {
						"0.0": [-7.5, 0, 0],
						"1.0833": [25, 0, 0],
						"2.5": [2.5, 0, 0],
						"3.6667": [-5, 0, 0],
						"4.4167": [-7.5, 0, 0]
					}
				},
				"tail_8_center": {
					"rotation": {
						"0.0": [-2.5, 0, 0],
						"1.0833": [7.5, 0, 0],
						"2.5": [0, 0, 0],
						"3.6667": [0, 0, 0],
						"4.4167": [-2.5, 0, 0]
					}
				},
				"tail_1_left": {
					"rotation": {
						"0.0": [5.32808, 9.95966, 0.95651],
						"2.5": [17.5, 0, 0],
						"3.6667": [2.5, 9.95966, 0],
						"4.4167": [5, 9.95966, 0]
					}
				},
				"tail_2_left": {
					"rotation": {
						"0.0": [7.5, 0, 0],
						"1.0833": [5, 0, 0],
						"2.5": [17.5, 0, 0],
						"3.6667": [7.5, 0, 0],
						"4.4167": [7.5, 0, 0]
					}
				},
				"tail_3_left": {
					"rotation": {
						"0.0": [12.5, 0, 0],
						"1.0833": [-5, 0, 0],
						"2.5": [2.5, 0, 0],
						"3.6667": [10, 0, 0],
						"4.4167": [12.5, 0, 0]
					}
				},
				"tail_4_left": {
					"rotation": {
						"0.0": [-10, 0, 0],
						"1.0833": [-12.5, 0, 0],
						"2.5": [-30, 0, 0],
						"3.6667": [-12.5, 0, 0],
						"4.4167": [-10, 0, 0]
					}
				},
				"tail_5_left": {
					"rotation": {
						"0.0": [-12.5, 0, 0],
						"1.0833": [-10, 0, 0],
						"2.5": [-20, 0, 0],
						"3.6667": [-12.5, 0, 0],
						"4.4167": [-12.5, 0, 0]
					}
				},
				"tail_6_left": {
					"rotation": {
						"0.0": [-12.5, 0, 0],
						"1.0833": [25, 0, 0],
						"2.5": [12.5, 0, 0],
						"3.6667": [-7.5, 0, 0],
						"4.4167": [-12.5, 0, 0]
					}
				},
				"tail_7_left": {
					"rotation": {
						"0.0": [-5, 0, 0],
						"1.0833": [10, 0, 0],
						"2.5": [5, 0, 0],
						"3.6667": [-2.5, 0, 0],
						"4.4167": [-5, 0, 0]
					}
				},
				"tail_8_left": {
					"rotation": {
						"0.0": [-2.5, 0, 0],
						"1.0833": [5, 0, 0],
						"2.5": [2.5, 0, 0],
						"3.6667": [0, 0, 0],
						"4.4167": [-2.5, 0, 0]
					}
				},
				"tail_1_right": {
					"rotation": {
						"0.0": [5.72393, -17.42494, -1.77926],
						"1.0833": [0, -17.42494, -1.77926],
						"2.5": [7.13295, -12.46558, -1.04464],
						"3.6667": [3.22393, -17.42494, -1.77926],
						"4.4167": [5.72393, -17.42494, -1.77926]
					}
				},
				"tail_2_right": {
					"rotation": {
						"0.0": [10, 0, 0],
						"1.0833": [7.5, 0, 0],
						"2.5": [25, 0, 0],
						"3.6667": [7.5, 0, 0],
						"4.4167": [10, 0, 0]
					}
				},
				"tail_3_right": {
					"rotation": {
						"0.0": [2.5, 0, 0],
						"1.0833": [0, 0, 0],
						"2.5": [7.5, 0, 0],
						"3.6667": [0, 0, 0],
						"4.4167": [2.5, 0, 0]
					}
				},
				"tail_4_right": {
					"rotation": {
						"0.0": [-2.5, 0, 0],
						"1.0833": [-7.5, 0, 0],
						"2.5": [-17.5, 0, 0],
						"3.6667": [-5, 0, 0],
						"4.4167": [-2.5, 0, 0]
					}
				},
				"tail_5_right": {
					"rotation": {
						"0.0": [-5, 0, 0],
						"1.0833": [-5, 0, 0],
						"2.5": [-30, 0, 0],
						"3.6667": [-7.5, 0, 0],
						"4.4167": [-5, 0, 0]
					}
				},
				"tail_6_right": {
					"rotation": {
						"0.0": [-10, 0, 0],
						"1.0833": [10, 0, 0],
						"2.5": [5, 0, 0],
						"3.6667": [-7.5, 0, 0],
						"4.4167": [-10, 0, 0]
					}
				},
				"tail_7_right": {
					"rotation": {
						"0.0": [-10, 0, 0],
						"1.0833": [17.5, 0, 0],
						"2.5": [7.5, 0, 0],
						"3.6667": [-7.5, 0, 0],
						"4.4167": [-10, 0, 0]
					}
				},
				"tail_8_right": {
					"rotation": {
						"0.0": [-5, 0, 0],
						"1.0833": [7.5, 0, 0],
						"2.5": [0, 0, 0],
						"3.6667": [-2.5, 0, 0],
						"4.4167": [-5, 0, 0]
					}
				},
				"hand_left": {
					"rotation": {
						"0.0": [10, 0, 0],
						"2.0": [4.72886, -1.06814, 10.32094],
						"4.4167": [10, 0, 0]
					}
				},
				"hand_right": {
					"rotation": {
						"0.0": [10, 0, 0],
						"2.0": [4.72886, 1.06814, -10.32094],
						"4.4167": [10, 0, 0]
					}
				}
			}
		}
	}
}