{
	"format_version": "1.8.0",
	"animations": {
		"animation.sableye_mega.ground_walk": {
			"loop": true,
			"animation_length": 3,
			"bones": {
				"body": {
					"position": {
						"0.0": [0, 1, 0],
						"0.25": [0, -0.3, 0],
						"0.5": [0, 1, 0],
						"0.75": [0, -0.3, 0],
						"1.0": [0, 1, 0],
						"1.25": [0, -0.3, 0],
						"1.5": [0, 1, 0],
						"1.75": [0, -0.3, 0],
						"2.0": [0, 1, 0],
						"2.25": [0, -0.3, 0],
						"2.5": [0, 1, 0],
						"2.75": [0, -0.3, 0],
						"3.0": [0, 1, 0]
					}
				},
				"torso": {
					"rotation": {
						"0.0": ["-5.0508-math.sin(q.anim_time*90*4*2)*2", "7.4712+math.sin(q.anim_time*90*4*2+20)*2", -0.65847],
						"0.5": ["-5.0349-math.sin(q.anim_time*90*4*2)*2", "-7.4714+math.sin(q.anim_time*90*4*2+20)*2", 0.65641],
						"1.0": ["-5.0508-math.sin(q.anim_time*90*4*2)*2", "7.4712+math.sin(q.anim_time*90*4*2+20)*2", -0.65847],
						"1.5": ["-5.0349-math.sin(q.anim_time*90*4*2)*2", "-7.4714+math.sin(q.anim_time*90*4*2+20)*2", 0.65641],
						"2.0": ["-5.0508-math.sin(q.anim_time*90*4*2)*2", "7.4712+math.sin(q.anim_time*90*4*2+20)*2", -0.65847],
						"2.5": ["-5.0349-math.sin(q.anim_time*90*4*2)*2", "-7.4714+math.sin(q.anim_time*90*4*2+20)*2", 0.65641],
						"3.0": ["-5.0508-math.sin(q.anim_time*90*4*2)*2", "7.4712+math.sin(q.anim_time*90*4*2+20)*2", -0.65847]
					},
					"position": [0, 0, 0]
				},
				"arm_right": {
					"rotation": [0.22998, "-20.025+(math.sin(q.anim_time*360)*30)", 12.30371]
				},
				"arm_left": {
					"rotation": [-5.38152, "19.291+(math.sin(q.anim_time*360)*30)", -15.91527]
				},
				"leg_right": {
					"rotation": {
						"0.0": [0, 0, 0],
						"0.25": [-37.5, 0, 0],
						"0.5": [0, 0, 0],
						"0.75": [37.5, 0, 0],
						"1.0": [0, 0, 0],
						"1.25": [-37.5, 0, 0],
						"1.5": [0, 0, 0],
						"1.75": [37.5, 0, 0],
						"2.0": [0, 0, 0],
						"2.25": [-37.5, 0, 0],
						"2.5": [0, 0, 0],
						"2.75": [37.5, 0, 0],
						"3.0": [0, 0, 0]
					}
				},
				"leg_right2": {
					"rotation": {
						"0.0": [80, 0, 0],
						"0.25": [0, 0, 0],
						"0.75": [0, 0, 0],
						"1.0": [80, 0, 0],
						"1.25": [0, 0, 0],
						"1.75": [0, 0, 0],
						"2.0": [80, 0, 0],
						"2.25": [0, 0, 0],
						"2.75": [0, 0, 0],
						"3.0": [80, 0, 0]
					}
				},
				"leg_left": {
					"rotation": {
						"0.0": [0, 0, 0],
						"0.25": [37.5, 0, 0],
						"0.5": [0, 0, 0],
						"0.75": [-37.5, 0, 0],
						"1.0": [0, 0, 0],
						"1.25": [37.5, 0, 0],
						"1.5": [0, 0, 0],
						"1.75": [-37.5, 0, 0],
						"2.0": [0, 0, 0],
						"2.25": [37.5, 0, 0],
						"2.5": [0, 0, 0],
						"2.75": [-37.5, 0, 0],
						"3.0": [0, 0, 0]
					}
				},
				"leg_left2": {
					"rotation": {
						"0.0": [0, 0, 0],
						"0.25": [0, 0, 0],
						"0.5": [80, 0, 0],
						"0.75": [0, 0, 0],
						"1.0": [0, 0, 0],
						"1.25": [0, 0, 0],
						"1.5": [80, 0, 0],
						"1.75": [0, 0, 0],
						"2.0": [0, 0, 0],
						"2.25": [0, 0, 0],
						"2.5": [80, 0, 0],
						"2.75": [0, 0, 0],
						"3.0": [0, 0, 0]
					}
				},
				"foot_right": {
					"rotation": {
						"0.0": [11.5, 0, 0],
						"0.25": [-12.5, 0, 0],
						"0.5": [0, 0, 0],
						"0.7083": [-30, 0, 0],
						"0.8333": [27.5, 0, 0],
						"1.0": [11.5, 0, 0],
						"1.25": [-12.5, 0, 0],
						"1.5": [0, 0, 0],
						"1.7083": [-30, 0, 0],
						"1.8333": [27.5, 0, 0],
						"2.0": [11.5, 0, 0],
						"2.25": [-12.5, 0, 0],
						"2.5": [0, 0, 0],
						"2.7083": [-30, 0, 0],
						"2.8333": [27.5, 0, 0],
						"3.0": [11.5, 0, 0]
					}
				},
				"foot_left": {
					"rotation": {
						"0.0": [0, 0, 0],
						"0.2083": [-30, 0, 0],
						"0.3333": [27.5, 0, 0],
						"0.75": [-12.5, 0, 0],
						"1.0": [0, 0, 0],
						"1.2083": [-30, 0, 0],
						"1.3333": [27.5, 0, 0],
						"1.75": [-12.5, 0, 0],
						"2.0": [0, 0, 0],
						"2.2083": [-30, 0, 0],
						"2.3333": [27.5, 0, 0],
						"2.75": [-12.5, 0, 0],
						"3.0": [0, 0, 0]
					}
				},
				"mega_sableye_mega": {
					"rotation": [7.5, 0, 0]
				}
			}
		},
		"animation.sableye_mega.shoulder_left": {
			"loop": true,
			"bones": {
				"body": {
					"position": [1.5, -6, -1.5]
				},
				"torso": {
					"rotation": [0, 0, 7.5],
					"position": [0, "-0.1*(math.sin(q.anim_time*90*2.5-90)*2+1)", 0]
				},
				"chest": {
					"rotation": [30, 0, 0]
				},
				"head": {
					"rotation": [-14.78217, 2.57594, "9.6658 +(math.sin(q.anim_time*260*1)*1+1)"]
				},
				"arm_right": {
					"rotation": [147.5143, -60.91457, -141.38112]
				},
				"arm_right2": {
					"rotation": [0, -47.5, 0]
				},
				"finger_right1": {
					"rotation": [0, 0, "1*(math.sin(q.anim_time*260*1)*30+1)"]
				},
				"finger_right2": {
					"rotation": [0, 0, "1*(math.sin(q.anim_time*270*1)*30+1)"]
				},
				"finger_right3": {
					"rotation": [0, 0, "1*(math.sin(q.anim_time*280*1)*30+1)"]
				},
				"arm_left": {
					"rotation": [-4.77529, -0.6146, 77.12269]
				},
				"arm_left2": {
					"rotation": [0, 37.5, 0]
				},
				"finger_left1": {
					"rotation": [0, 0, "1*(math.sin(q.anim_time*260*1)*30+1)"]
				},
				"finger_left2": {
					"rotation": [0, 0, "1*(math.sin(q.anim_time*270*1)*30+1)"]
				},
				"finger_left3": {
					"rotation": [0, 0, "1*(math.sin(q.anim_time*280*1)*30+1)"]
				},
				"leg_right": {
					"rotation": [-70, 0, 0]
				},
				"leg_right2": {
					"rotation": ["60 +(math.sin(q.anim_time*260*1)*10+1)", 0, 0]
				},
				"foot_right": {
					"rotation": [40, 0, 0]
				},
				"leg_left": {
					"rotation": [-74.9354, -21.86002, 11.46542]
				},
				"leg_left2": {
					"rotation": [85, 0, 0]
				},
				"foot_left": {
					"rotation": [40, 0, 0]
				}
			}
		},
		"animation.sableye_mega.shoulder_right": {
			"loop": true,
			"bones": {
				"body": {
					"rotation": [0, 15, 0],
					"position": [-0.5, -6, -1.5]
				},
				"torso": {
					"rotation": [0, 20, -7.5],
					"position": [0, "-0.1*(math.sin(q.anim_time*90*2.5-90)*2+1)", 0]
				},
				"chest": {
					"rotation": [10, 0, 0]
				},
				"head": {
					"rotation": [8.8783, -29.59891, "-14.4273 +(math.sin(q.anim_time*260*1)*1+1)"]
				},
				"arm_right": {
					"rotation": [-40.30914, -4.57688, -75.72333],
					"position": [0, 0.5, 1]
				},
				"arm_right2": {
					"rotation": [0, -22.89891, -2.40402],
					"position": [0, 0, 0]
				},
				"finger_right1": {
					"rotation": [0, 0, "1*(math.sin(q.anim_time*260*1)*30+1)"]
				},
				"finger_right2": {
					"rotation": [0, 0, "1*(math.sin(q.anim_time*270*1)*30+1)"]
				},
				"finger_right3": {
					"rotation": [0, 0, "1*(math.sin(q.anim_time*280*1)*30+1)"]
				},
				"arm_left": {
					"rotation": [86.32722, 46.47009, 91.20571],
					"position": [0, 1, 1]
				},
				"arm_left2": {
					"rotation": [0, 20, 0]
				},
				"finger_left1": {
					"rotation": [0, 0, "1*(math.sin(q.anim_time*260*1)*30+1)"]
				},
				"finger_left2": {
					"rotation": [0, 0, "1*(math.sin(q.anim_time*270*1)*30+1)"]
				},
				"finger_left3": {
					"rotation": [0, 0, "1*(math.sin(q.anim_time*280*1)*30+1)"]
				},
				"leg_right": {
					"rotation": [-43.11977, 23.39896, 9.06159]
				},
				"leg_right2": {
					"rotation": ["35 +(math.sin(q.anim_time*260*1)*10+1)", 0, 0]
				},
				"foot_right": {
					"rotation": [40, 0, 0]
				},
				"leg_left": {
					"rotation": [-74.9354, -21.86002, 11.46542]
				},
				"leg_left2": {
					"rotation": [85, 0, 0]
				},
				"foot_left": {
					"rotation": [40, 0, 0]
				}
			}
		},
		"animation.sableye_mega.ground_idle": {
			"bones": {
				"body": {
					"position": [0, -1, 0]
				},
				"torso": {
					"rotation": [21.95493, "-25.4726+1*(math.sin(q.anim_time*90*2.5-40)*3+1)", "2.4293+1*(math.sin(q.anim_time*90*2.5-40)*3+1)"],
					"position": [0, "-0.1*(math.sin(q.anim_time*90*2.5-90)*4+1)", 0]
				},
				"head": {
					"rotation": {
						"0.0": [4.98107, -0.43523, 4.98107],
						"0.3333": [4.92583, 1.6236, 10.17733],
						"0.375": [5.17182, -0.38215, 32.59023],
						"0.4167": [4.92583, 1.6236, 10.17733],
						"0.625": [4.92583, 1.6236, 10.17733],